fy,fy_label,category,spend_m,share_pct,rank
1986,1985–86,Food,18737.0,12.82,3
1991,1990–91,Food,26762.0,11.34,4
1996,1995–96,Food,33909.0,11.2,5
2001,2000–01,Food,42331.0,10.29,5
2006,2005–06,Food,57732.0,10.27,5
2011,2010–11,Food,75232.0,9.79,5
2016,2015–16,Food,90971.0,9.56,5
2021,2020–21,Food,111405.0,10.46,4
2026,2025–26,Food,144020.0,9.46,5
1986,1985–86,Alcohol & tobacco,5860.0,4.01,10
1991,1990–91,Alcohol & tobacco,8922.0,3.78,10
1996,1995–96,Alcohol & tobacco,12233.0,4.04,10
2001,2000–01,Alcohol & tobacco,17327.0,4.21,9
2006,2005–06,Alcohol & tobacco,21561.0,3.84,10
2011,2010–11,Alcohol & tobacco,28984.0,3.77,9
2016,2015–16,Alcohol & tobacco,35687.0,3.75,9
2021,2020–21,Alcohol & tobacco,47669.0,4.47,9
2026,2025–26,Alcohol & tobacco,39286.0,2.58,11
1986,1985–86,Clothing,9037.0,6.18,8
1991,1990–91,Clothing,12143.0,5.15,8
1996,1995–96,Clothing,13258.0,4.38,9
2001,2000–01,Clothing,16193.0,3.94,10
2006,2005–06,Clothing,22003.0,3.92,9
2011,2010–11,Clothing,28962.0,3.77,10
2016,2015–16,Clothing,34513.0,3.63,10
2021,2020–21,Clothing,39075.0,3.67,10
2026,2025–26,Clothing,53935.0,3.54,10
1986,1985–86,Housing & utilities,27878.0,19.08,1
1991,1990–91,Housing & utilities,48799.0,20.68,1
1996,1995–96,Housing & utilities,60618.0,20.02,1
2001,2000–01,Housing & utilities,80980.0,19.68,1
2006,2005–06,Housing & utilities,113911.0,20.27,1
2011,2010–11,Housing & utilities,172901.0,22.51,1
2016,2015–16,Housing & utilities,222237.0,23.36,1
2021,2020–21,Housing & utilities,266794.0,25.04,1
2026,2025–26,Housing & utilities,374826.0,24.62,1
1986,1985–86,Furnishings,10992.0,7.52,7
1991,1990–91,Furnishings,15416.0,6.53,7
1996,1995–96,Furnishings,18623.0,6.15,7
2001,2000–01,Furnishings,22562.0,5.48,7
2006,2005–06,Furnishings,27837.0,4.95,8
2011,2010–11,Furnishings,36236.0,4.72,8
2016,2015–16,Furnishings,44803.0,4.71,8
2021,2020–21,Furnishings,55343.0,5.19,8
2026,2025–26,Furnishings,63154.0,4.15,8
1986,1985–86,Health,5896.0,4.03,9
1991,1990–91,Health,10775.0,4.57,9
1996,1995–96,Health,14394.0,4.75,8
2001,2000–01,Health,19848.0,4.82,8
2006,2005–06,Health,30143.0,5.36,7
2011,2010–11,Health,44511.0,5.79,7
2016,2015–16,Health,61086.0,6.42,7
2021,2020–21,Health,77193.0,7.25,6
2026,2025–26,Health,112432.0,7.38,7
1986,1985–86,Transport,20054.0,13.72,2
1991,1990–91,Transport,30721.0,13.02,3
1996,1995–96,Transport,38032.0,12.56,3
2001,2000–01,Transport,50439.0,12.26,3
2006,2005–06,Transport,67320.0,11.98,3
2011,2010–11,Transport,89296.0,11.62,3
2016,2015–16,Transport,102048.0,10.73,3
2021,2020–21,Transport,81030.0,7.61,5
2026,2025–26,Transport,157368.0,10.34,3
1986,1985–86,Communications,2074.0,1.42,11
1991,1990–91,Communications,3249.0,1.38,12
1996,1995–96,Communications,6106.0,2.02,11
2001,2000–01,Communications,10810.0,2.63,11
2006,2005–06,Communications,16213.0,2.89,11
2011,2010–11,Communications,18752.0,2.44,12 
2016,2015–16,Communications,20737.0,2.18,12
2021,2020–21,Communications,21971.0,2.06,12
2026,2025–26,Communications,27623.0,1.81,12
1986,1985–86,Recreation,14773.0,10.11,5
1991,1990–91,Recreation,23819.0,10.09,5
1996,1995–96,Recreation,35508.0,11.73,4
2001,2000–01,Recreation,48600.0,11.81,4
2006,2005–06,Recreation,64258.0,11.44,4
2011,2010–11,Recreation,84945.0,11.06,4
2016,2015–16,Recreation,99976.0,10.51,4
2021,2020–21,Recreation,111835.0,10.5,3
2026,2025–26,Recreation,154674.0,10.16,4
1986,1985–86,Education,1683.0,1.15,12
1991,1990–91,Education,3841.0,1.63,11
1996,1995–96,Education,5697.0,1.88,12
2001,2000–01,Education,8721.0,2.12,12
2006,2005–06,Education,13067.0,2.33,12
2011,2010–11,Education,22124.0,2.88,11
2016,2015–16,Education,32231.0,3.39,11
2021,2020–21,Education,38917.0,3.65,11
2026,2025–26,Education,54229.0,3.56,9
1986,1985–86,Eating out & hotels,11120.0,7.61,6
1991,1990–91,Eating out & hotels,16475.0,6.98,6
1996,1995–96,Eating out & hotels,22742.0,7.51,6
2001,2000–01,Eating out & hotels,32667.0,7.94,6
2006,2005–06,Eating out & hotels,42622.0,7.59,6
2011,2010–11,Eating out & hotels,55954.0,7.28,6
2016,2015–16,Eating out & hotels,70693.0,7.43,6
2021,2020–21,Eating out & hotels,65633.0,6.16,7
2026,2025–26,Eating out & hotels,130602.0,8.58,6
1986,1985–86,"Insurance, finance & other",18022.0,12.33,4
1991,1990–91,"Insurance, finance & other",35051.0,14.85,2
1996,1995–96,"Insurance, finance & other",41630.0,13.75,2
2001,2000–01,"Insurance, finance & other",61024.0,14.83,2
2006,2005–06,"Insurance, finance & other",85226.0,15.17,2
2011,2010–11,"Insurance, finance & other",110342.0,14.36,2
2016,2015–16,"Insurance, finance & other",136472.0,14.34,2
2021,2020–21,"Insurance, finance & other",148541.0,13.94,2
2026,2025–26,"Insurance, finance & other",210430.0,13.82,2
