code,state,growth_pct,avg_monthly_bn,year_total_bn,wants_pct,cats_vs_total,share_Food,share_Alcohol & tobacco,share_Clothing,share_Furnishings,share_Health,share_Transport,share_Recreation,share_Eating out,share_Miscellaneous
NSW,New South Wales,5.1,25.16,301.9,66.1,1.0,15.2,3.9,6.0,6.9,10.3,16.8,16.6,15.1,9.3
VIC,Victoria,4.4,19.3,231.6,63.3,1.0,15.6,3.0,6.3,6.7,12.9,17.5,18.4,11.0,8.6
QLD,Queensland,6.6,16.57,198.9,64.6,1.0,15.7,3.5,5.3,7.2,12.4,15.6,17.0,14.5,8.6
SA,South Australia,6.3,5.43,65.1,65.2,1.0,15.3,4.4,4.2,7.3,11.8,16.2,16.9,14.7,9.3
WA,Western Australia,8.1,9.34,112.1,62.1,1.0,16.1,3.2,4.9,6.5,12.6,20.7,14.4,12.1,9.6
TAS,Tasmania,6.5,1.68,20.2,65.0,1.0,15.7,4.7,3.7,6.8,10.8,18.1,12.2,16.8,11.3
NT,Northern Territory,8.2,0.89,10.6,73.2,1.0,13.7,3.7,2.8,6.5,6.7,14.1,15.4,23.2,13.8
ACT,Australian Capital Territory,4.2,1.45,17.4,63.9,1.0,15.1,2.6,4.0,6.2,11.1,17.5,13.9,17.6,12.0
AUS,Australia (national),5.7,79.82,957.8,64.6,1.0,15.5,3.5,5.6,6.9,11.7,17.2,16.7,13.8,9.1
